<?xml version="1.0" encoding="UTF-8"?>
<InputDirectorConfig ver="2.1" idver="2.1.0">
    <GlobalPrefs>
        <RunOnStartup>true</RunOnStartup>
        <StartupState>Enabled</StartupState>
        <ShareClipboard excludeDefaultShares="true" FileCopyMode="UseIDFileCopy">true</ShareClipboard>
        <CursorWaterRipple>true</CursorWaterRipple>
        <HideCursor>true</HideCursor>
        <CursorSwitchLocation>CenterCursorPrimaryScreen</CursorSwitchLocation>
        <CheckForNewVersions>true</CheckForNewVersions>
        <AllowScreenEdgeTransitions>true</AllowScreenEdgeTransitions>
        <RememberScreenEdgeTransitionChoice>false</RememberScreenEdgeTransitionChoice>
        <ListenPort>31234</ListenPort>
        <PreferredNetwork/>
        <HideWarnings>
            <NoSystemResponse>PromptUser</NoSystemResponse>
            <OlderVersion>false</OlderVersion>
            <ClipboardPasteError>false</ClipboardPasteError>
            <SystemAvailable>false</SystemAvailable>
            <SystemUnavailable>false</SystemUnavailable>
            <RemoteFileOpened>false</RemoteFileOpened>
        </HideWarnings>
        <InfoWindow show="false"/>
    </GlobalPrefs>
    <Configuration>
        <Systems>
            <DirectorMonitorLayout>
                <Monitor left="0" top="0" right="18" bottom="11"/>
            </DirectorMonitorLayout>
            <Client host="bob" port="31234">
                <MonitorLayout>
                    <Monitor left="18" top="0" right="36" bottom="11"/>
                </MonitorLayout>
            </Client>
        </Systems>
        <KeyBindings/>
        <Macros/>
    </Configuration>
</InputDirectorConfig>
